The Complete Cookbook for Young Chefs: 100+ Recipes that You'll Love to Cook and Eat, $19.99, None,
The Complete Cookbook for Young Chefs: 100+ Recipes that You'll Love to Cook and Eat, $19.99, 4.8 out of 5 stars,
Kidde Fire Extinguisher for Home 1-A:10-B:C Dry Chemical Extinguisher Red Mounting Bracket Included 2 Pack, $29.99, NA,
NA, NA, NA,
NA, NA, NA,
Door Draft Stopper for Bottom of Door Adjustable Weather Stripping Door Seal for Cold Insulation Under Door Sweep for Exterior & Interior Doors Door Bottom Seal Blocker Noise (78inchTransparent), $12.90, NA,
NA, NA, NA,
Kidde Fire Extinguisher for Home 1-A:10-B:C Dry Chemical Extinguisher Red Mounting Bracket Included 2 Pack, $29.99, NA,
NA, NA, NA,
NA, NA, NA,
Door Draft Stopper for Bottom of Door Adjustable Weather Stripping Door Seal for Cold Insulation Under Door Sweep for Exterior & Interior Doors Door Bottom Seal Blocker Noise (78inchTransparent), $12.90, NA,
NA, NA, NA,
